,[degrees from north],[degrees from east],[m from sea level],[m from ground],[min],[m/s],[kg/m	extsuperscript{3}],[h/a]
WEA0,9.468773,53.115252,25,172,30,8.17,1.225,806
WEA1,9.459934,53.115317,25,172,30,8.17,1.225,971
WEA2,9.463604,53.112773,25,172,30,8.17,1.225,960
WEA3,9.468993,53.11152,25,172,30,8.17,1.225,927
